round,Country,driverCode,points,year
1,Australian,VET,25.0,2018
1,Australian,HAM,18.0,2018
1,Australian,RAI,15.0,2018
1,Australian,RIC,12.0,2018
1,Australian,ALO,10.0,2018
1,Australian,VER,8.0,2018
1,Australian,HUL,6.0,2018
1,Australian,BOT,4.0,2018
1,Australian,VAN,2.0,2018
1,Australian,SAI,1.0,2018
1,Australian,PER,0.0,2018
1,Australian,OCO,0.0,2018
1,Australian,LEC,0.0,2018
1,Australian,STR,0.0,2018
1,Australian,HAR,0.0,2018
1,Australian,GRO,0.0,2018
1,Australian,MAG,0.0,2018
1,Australian,GAS,0.0,2018
1,Australian,ERI,0.0,2018
1,Australian,SIR,0.0,2018
2,Bahrain,VET,25.0,2018
2,Bahrain,BOT,18.0,2018
2,Bahrain,HAM,15.0,2018
2,Bahrain,GAS,12.0,2018
2,Bahrain,MAG,10.0,2018
2,Bahrain,HUL,8.0,2018
2,Bahrain,ALO,6.0,2018
2,Bahrain,VAN,4.0,2018
2,Bahrain,ERI,2.0,2018
2,Bahrain,OCO,1.0,2018
2,Bahrain,SAI,0.0,2018
2,Bahrain,LEC,0.0,2018
2,Bahrain,GRO,0.0,2018
2,Bahrain,STR,0.0,2018
2,Bahrain,SIR,0.0,2018
2,Bahrain,PER,0.0,2018
2,Bahrain,HAR,0.0,2018
2,Bahrain,RAI,0.0,2018
2,Bahrain,VER,0.0,2018
2,Bahrain,RIC,0.0,2018
3,Chinese,RIC,25.0,2018
3,Chinese,BOT,18.0,2018
3,Chinese,RAI,15.0,2018
3,Chinese,HAM,12.0,2018
3,Chinese,VER,10.0,2018
3,Chinese,HUL,8.0,2018
3,Chinese,ALO,6.0,2018
3,Chinese,VET,4.0,2018
3,Chinese,SAI,2.0,2018
3,Chinese,MAG,1.0,2018
3,Chinese,OCO,0.0,2018
3,Chinese,PER,0.0,2018
3,Chinese,VAN,0.0,2018
3,Chinese,STR,0.0,2018
3,Chinese,SIR,0.0,2018
3,Chinese,ERI,0.0,2018
3,Chinese,GRO,0.0,2018
3,Chinese,GAS,0.0,2018
3,Chinese,LEC,0.0,2018
3,Chinese,HAR,0.0,2018
4,Azerbaijan,HAM,25.0,2018
4,Azerbaijan,RAI,,2018
4,Azerbaijan,PER,21.0,2018
4,Azerbaijan,VET,12.0,2018
4,Azerbaijan,SAI,15.0,2018
4,Azerbaijan,LEC,15.0,2018
4,Azerbaijan,ALO,6.0,2018
4,Azerbaijan,STR,4.0,2018
4,Azerbaijan,VAN,,2018
4,Azerbaijan,HAR,,2018
4,Azerbaijan,ERI,,2018
4,Azerbaijan,GAS,0.0,2018
4,Azerbaijan,MAG,1.0,2018
4,Azerbaijan,BOT,2.0,2018
4,Azerbaijan,GRO,,2018
4,Azerbaijan,VER,8.0,2018
4,Azerbaijan,RIC,3.0,2018
4,Azerbaijan,HUL,,2018
4,Azerbaijan,OCO,0.0,2018
4,Azerbaijan,SIR,,2018
5,Spanish,HAM,25.0,2018
5,Spanish,BOT,18.0,2018
5,Spanish,VER,15.0,2018
5,Spanish,VET,12.0,2018
5,Spanish,RIC,10.0,2018
5,Spanish,MAG,8.0,2018
5,Spanish,SAI,6.0,2018
5,Spanish,ALO,4.0,2018
5,Spanish,PER,2.0,2018
5,Spanish,LEC,1.0,2018
5,Spanish,STR,0.0,2018
5,Spanish,HAR,0.0,2018
5,Spanish,ERI,0.0,2018
5,Spanish,SIR,0.0,2018
5,Spanish,VAN,0.0,2018
5,Spanish,OCO,0.0,2018
5,Spanish,RAI,0.0,2018
5,Spanish,GRO,0.0,2018
5,Spanish,GAS,0.0,2018
5,Spanish,HUL,0.0,2018
6,Monaco,RIC,25.0,2018
6,Monaco,VET,18.0,2018
6,Monaco,HAM,15.0,2018
6,Monaco,RAI,12.0,2018
6,Monaco,BOT,10.0,2018
6,Monaco,OCO,8.0,2018
6,Monaco,GAS,6.0,2018
6,Monaco,HUL,4.0,2018
6,Monaco,VER,2.0,2018
6,Monaco,SAI,1.0,2018
6,Monaco,ERI,0.0,2018
6,Monaco,PER,0.0,2018
6,Monaco,MAG,0.0,2018
6,Monaco,VAN,0.0,2018
6,Monaco,GRO,0.0,2018
6,Monaco,SIR,0.0,2018
6,Monaco,STR,0.0,2018
6,Monaco,LEC,0.0,2018
6,Monaco,HAR,0.0,2018
6,Monaco,ALO,0.0,2018
7,Canadian,VET,25.0,2018
7,Canadian,BOT,18.0,2018
7,Canadian,VER,15.0,2018
7,Canadian,RIC,12.0,2018
7,Canadian,HAM,10.0,2018
7,Canadian,RAI,8.0,2018
7,Canadian,HUL,6.0,2018
7,Canadian,SAI,4.0,2018
7,Canadian,OCO,2.0,2018
7,Canadian,LEC,1.0,2018
7,Canadian,GAS,0.0,2018
7,Canadian,GRO,0.0,2018
7,Canadian,MAG,0.0,2018
7,Canadian,PER,0.0,2018
7,Canadian,ERI,0.0,2018
7,Canadian,VAN,0.0,2018
7,Canadian,SIR,0.0,2018
7,Canadian,ALO,0.0,2018
7,Canadian,HAR,0.0,2018
7,Canadian,STR,0.0,2018
8,French,HAM,25.0,2018
8,French,VER,18.0,2018
8,French,RAI,15.0,2018
8,French,RIC,12.0,2018
8,French,VET,10.0,2018
8,French,MAG,8.0,2018
8,French,BOT,6.0,2018
8,French,SAI,4.0,2018
8,French,HUL,2.0,2018
8,French,LEC,1.0,2018
8,French,GRO,0.0,2018
8,French,VAN,0.0,2018
8,French,ERI,0.0,2018
8,French,HAR,0.0,2018
8,French,SIR,0.0,2018
8,French,ALO,0.0,2018
8,French,STR,0.0,2018
8,French,PER,0.0,2018
8,French,OCO,0.0,2018
8,French,GAS,0.0,2018
9,Austrian,VER,25.0,2018
9,Austrian,RAI,18.0,2018
9,Austrian,VET,15.0,2018
9,Austrian,GRO,12.0,2018
9,Austrian,MAG,10.0,2018
9,Austrian,OCO,8.0,2018
9,Austrian,PER,6.0,2018
9,Austrian,ALO,4.0,2018
9,Austrian,LEC,2.0,2018
9,Austrian,ERI,1.0,2018
9,Austrian,GAS,0.0,2018
9,Austrian,SAI,0.0,2018
9,Austrian,SIR,0.0,2018
9,Austrian,STR,0.0,2018
9,Austrian,VAN,0.0,2018
9,Austrian,HAM,0.0,2018
9,Austrian,HAR,0.0,2018
9,Austrian,RIC,0.0,2018
9,Austrian,BOT,0.0,2018
9,Austrian,HUL,0.0,2018
10,British,VET,25.0,2018
10,British,HAM,18.0,2018
10,British,RAI,15.0,2018
10,British,BOT,12.0,2018
10,British,RIC,10.0,2018
10,British,HUL,8.0,2018
10,British,OCO,6.0,2018
10,British,ALO,4.0,2018
10,British,MAG,2.0,2018
10,British,PER,1.0,2018
10,British,VAN,0.0,2018
10,British,STR,0.0,2018
10,British,GAS,0.0,2018
10,British,SIR,0.0,2018
10,British,VER,0.0,2018
10,British,GRO,0.0,2018
10,British,SAI,0.0,2018
10,British,ERI,0.0,2018
10,British,LEC,0.0,2018
10,British,HAR,0.0,2018
11,German,HAM,26.0,2018
11,German,BOT,18.0,2018
11,German,RAI,,2018
11,German,VER,20.0,2018
11,German,HUL,,2018
11,German,GRO,,2018
11,German,PER,10.0,2018
11,German,OCO,7.0,2018
11,German,ERI,,2018
11,German,HAR,,2018
11,German,MAG,2.0,2018
11,German,SAI,6.0,2018
11,German,VAN,,2018
11,German,GAS,0.0,2018
11,German,LEC,7.0,2018
11,German,ALO,0.0,2018
11,German,STR,0.0,2018
11,German,VET,0.0,2018
11,German,SIR,,2018
11,German,RIC,0.0,2018
12,Hungarian,HAM,25.0,2018
12,Hungarian,VET,18.0,2018
12,Hungarian,RAI,15.0,2018
12,Hungarian,RIC,12.0,2018
12,Hungarian,BOT,10.0,2018
12,Hungarian,GAS,8.0,2018
12,Hungarian,MAG,6.0,2018
12,Hungarian,ALO,4.0,2018
12,Hungarian,SAI,2.0,2018
12,Hungarian,GRO,1.0,2018
12,Hungarian,HAR,0.0,2018
12,Hungarian,HUL,0.0,2018
12,Hungarian,OCO,0.0,2018
12,Hungarian,PER,0.0,2018
12,Hungarian,ERI,0.0,2018
12,Hungarian,SIR,0.0,2018
12,Hungarian,STR,0.0,2018
12,Hungarian,VAN,0.0,2018
12,Hungarian,VER,0.0,2018
12,Hungarian,LEC,0.0,2018
13,Belgian,VET,25.0,2018
13,Belgian,HAM,18.0,2018
13,Belgian,VER,15.0,2018
13,Belgian,BOT,12.0,2018
13,Belgian,PER,10.0,2018
13,Belgian,OCO,8.0,2018
13,Belgian,GRO,6.0,2018
13,Belgian,MAG,4.0,2018
13,Belgian,GAS,2.0,2018
13,Belgian,ERI,1.0,2018
13,Belgian,SAI,0.0,2018
13,Belgian,SIR,0.0,2018
13,Belgian,STR,0.0,2018
13,Belgian,HAR,0.0,2018
13,Belgian,VAN,0.0,2018
13,Belgian,RIC,0.0,2018
13,Belgian,RAI,0.0,2018
13,Belgian,LEC,0.0,2018
13,Belgian,ALO,0.0,2018
13,Belgian,HUL,0.0,2018
14,Italian,HAM,25.0,2018
14,Italian,RAI,18.0,2018
14,Italian,BOT,15.0,2018
14,Italian,VET,12.0,2018
14,Italian,VER,10.0,2018
14,Italian,OCO,8.0,2018
14,Italian,PER,6.0,2018
14,Italian,SAI,4.0,2018
14,Italian,STR,2.0,2018
14,Italian,SIR,1.0,2018
14,Italian,LEC,0.0,2018
14,Italian,VAN,0.0,2018
14,Italian,HUL,0.0,2018
14,Italian,GAS,0.0,2018
14,Italian,ERI,0.0,2018
14,Italian,MAG,0.0,2018
14,Italian,RIC,0.0,2018
14,Italian,ALO,0.0,2018
14,Italian,HAR,0.0,2018
14,Italian,GRO,0.0,2018
15,Singapore,HAM,25.0,2018
15,Singapore,VER,18.0,2018
15,Singapore,VET,15.0,2018
15,Singapore,BOT,12.0,2018
15,Singapore,RAI,10.0,2018
15,Singapore,RIC,8.0,2018
15,Singapore,ALO,6.0,2018
15,Singapore,SAI,4.0,2018
15,Singapore,LEC,2.0,2018
15,Singapore,HUL,1.0,2018
15,Singapore,ERI,0.0,2018
15,Singapore,VAN,0.0,2018
15,Singapore,GAS,0.0,2018
15,Singapore,STR,0.0,2018
15,Singapore,GRO,0.0,2018
15,Singapore,PER,0.0,2018
15,Singapore,HAR,0.0,2018
15,Singapore,MAG,0.0,2018
15,Singapore,SIR,0.0,2018
15,Singapore,OCO,0.0,2018
16,Russian,HAM,25.0,2018
16,Russian,BOT,18.0,2018
16,Russian,VET,15.0,2018
16,Russian,RAI,12.0,2018
16,Russian,VER,10.0,2018
16,Russian,RIC,8.0,2018
16,Russian,LEC,6.0,2018
16,Russian,MAG,4.0,2018
16,Russian,OCO,2.0,2018
16,Russian,PER,1.0,2018
16,Russian,GRO,0.0,2018
16,Russian,HUL,0.0,2018
16,Russian,ERI,0.0,2018
16,Russian,ALO,0.0,2018
16,Russian,STR,0.0,2018
16,Russian,VAN,0.0,2018
16,Russian,SAI,0.0,2018
16,Russian,SIR,0.0,2018
16,Russian,GAS,0.0,2018
16,Russian,HAR,0.0,2018
17,Japanese,HAM,25.0,2018
17,Japanese,BOT,18.0,2018
17,Japanese,VER,15.0,2018
17,Japanese,RIC,12.0,2018
17,Japanese,RAI,10.0,2018
17,Japanese,VET,8.0,2018
17,Japanese,PER,6.0,2018
17,Japanese,GRO,4.0,2018
17,Japanese,OCO,2.0,2018
17,Japanese,SAI,1.0,2018
17,Japanese,GAS,0.0,2018
17,Japanese,ERI,0.0,2018
17,Japanese,HAR,0.0,2018
17,Japanese,ALO,0.0,2018
17,Japanese,VAN,0.0,2018
17,Japanese,SIR,0.0,2018
17,Japanese,STR,0.0,2018
17,Japanese,LEC,0.0,2018
17,Japanese,HUL,0.0,2018
17,Japanese,MAG,0.0,2018
18,United States,RAI,25.0,2018
18,United States,VER,18.0,2018
18,United States,HAM,15.0,2018
18,United States,VET,12.0,2018
18,United States,BOT,10.0,2018
18,United States,HUL,8.0,2018
18,United States,SAI,6.0,2018
18,United States,PER,4.0,2018
18,United States,HAR,2.0,2018
18,United States,ERI,1.0,2018
18,United States,VAN,0.0,2018
18,United States,GAS,0.0,2018
18,United States,SIR,0.0,2018
18,United States,STR,0.0,2018
18,United States,LEC,0.0,2018
18,United States,RIC,0.0,2018
18,United States,GRO,0.0,2018
18,United States,ALO,0.0,2018
18,United States,OCO,0.0,2018
18,United States,MAG,0.0,2018
19,Mexican,VER,25.0,2018
19,Mexican,VET,18.0,2018
19,Mexican,RAI,15.0,2018
19,Mexican,HAM,12.0,2018
19,Mexican,BOT,10.0,2018
19,Mexican,HUL,8.0,2018
19,Mexican,LEC,6.0,2018
19,Mexican,VAN,4.0,2018
19,Mexican,ERI,2.0,2018
19,Mexican,GAS,1.0,2018
19,Mexican,OCO,0.0,2018
19,Mexican,STR,0.0,2018
19,Mexican,SIR,0.0,2018
19,Mexican,HAR,0.0,2018
19,Mexican,MAG,0.0,2018
19,Mexican,GRO,0.0,2018
19,Mexican,RIC,0.0,2018
19,Mexican,PER,0.0,2018
19,Mexican,SAI,0.0,2018
19,Mexican,ALO,0.0,2018
20,Brazilian,HAM,25.0,2018
20,Brazilian,VER,18.0,2018
20,Brazilian,RAI,15.0,2018
20,Brazilian,RIC,12.0,2018
20,Brazilian,BOT,10.0,2018
20,Brazilian,VET,8.0,2018
20,Brazilian,LEC,6.0,2018
20,Brazilian,GRO,4.0,2018
20,Brazilian,MAG,2.0,2018
20,Brazilian,PER,1.0,2018
20,Brazilian,HAR,0.0,2018
20,Brazilian,SAI,0.0,2018
20,Brazilian,GAS,0.0,2018
20,Brazilian,VAN,0.0,2018
20,Brazilian,OCO,0.0,2018
20,Brazilian,SIR,0.0,2018
20,Brazilian,ALO,0.0,2018
20,Brazilian,STR,0.0,2018
20,Brazilian,HUL,0.0,2018
20,Brazilian,ERI,0.0,2018
21,Abu Dhabi,HAM,31.0,2018
21,Abu Dhabi,VET,18.0,2018
21,Abu Dhabi,VER,20.0,2018
21,Abu Dhabi,RIC,12.0,2018
21,Abu Dhabi,BOT,10.0,2018
21,Abu Dhabi,SAI,15.0,2018
21,Abu Dhabi,LEC,9.0,2018
21,Abu Dhabi,PER,8.0,2018
21,Abu Dhabi,GRO,,2018
21,Abu Dhabi,MAG,2.0,2018
21,Abu Dhabi,ALO,0.0,2018
21,Abu Dhabi,HAR,,2018
21,Abu Dhabi,STR,0.0,2018
21,Abu Dhabi,VAN,,2018
21,Abu Dhabi,SIR,,2018
21,Abu Dhabi,GAS,0.0,2018
21,Abu Dhabi,OCO,0.0,2018
21,Abu Dhabi,ERI,,2018
21,Abu Dhabi,RAI,,2018
21,Abu Dhabi,HUL,,2018
1,Australian,BOT,26.0,2019
1,Australian,HAM,18.0,2019
1,Australian,VER,15.0,2019
1,Australian,VET,12.0,2019
1,Australian,LEC,10.0,2019
1,Australian,MAG,8.0,2019
1,Australian,HUL,6.0,2019
1,Australian,RAI,4.0,2019
1,Australian,STR,2.0,2019
1,Australian,KVY,1.0,2019
1,Australian,GAS,0.0,2019
1,Australian,NOR,0.0,2019
1,Australian,PER,0.0,2019
1,Australian,ALB,0.0,2019
1,Australian,GIO,0.0,2019
1,Australian,RUS,0.0,2019
1,Australian,KUB,0.0,2019
1,Australian,GRO,0.0,2019
1,Australian,RIC,0.0,2019
1,Australian,SAI,0.0,2019
2,Bahrain,HAM,25.0,2019
2,Bahrain,BOT,18.0,2019
2,Bahrain,LEC,16.0,2019
2,Bahrain,VER,12.0,2019
2,Bahrain,VET,10.0,2019
2,Bahrain,NOR,8.0,2019
2,Bahrain,RAI,6.0,2019
2,Bahrain,GAS,4.0,2019
2,Bahrain,ALB,2.0,2019
2,Bahrain,PER,1.0,2019
2,Bahrain,GIO,0.0,2019
2,Bahrain,KVY,0.0,2019
2,Bahrain,MAG,0.0,2019
2,Bahrain,STR,0.0,2019
2,Bahrain,RUS,0.0,2019
2,Bahrain,KUB,0.0,2019
2,Bahrain,HUL,0.0,2019
2,Bahrain,RIC,0.0,2019
2,Bahrain,SAI,0.0,2019
2,Bahrain,GRO,0.0,2019
3,Chinese,HAM,25.0,2019
3,Chinese,BOT,18.0,2019
3,Chinese,VET,15.0,2019
3,Chinese,VER,12.0,2019
3,Chinese,LEC,10.0,2019
3,Chinese,GAS,9.0,2019
3,Chinese,RIC,6.0,2019
3,Chinese,PER,4.0,2019
3,Chinese,RAI,2.0,2019
3,Chinese,ALB,1.0,2019
3,Chinese,GRO,0.0,2019
3,Chinese,STR,0.0,2019
3,Chinese,MAG,0.0,2019
3,Chinese,SAI,0.0,2019
3,Chinese,GIO,0.0,2019
3,Chinese,RUS,0.0,2019
3,Chinese,KUB,0.0,2019
3,Chinese,NOR,0.0,2019
3,Chinese,KVY,0.0,2019
3,Chinese,HUL,0.0,2019
4,Azerbaijan,BOT,27.0,2019
4,Azerbaijan,HAM,18.0,2019
4,Azerbaijan,VET,15.0,2019
4,Azerbaijan,VER,20.0,2019
4,Azerbaijan,LEC,18.0,2019
4,Azerbaijan,PER,14.0,2019
4,Azerbaijan,SAI,11.0,2019
4,Azerbaijan,NOR,8.0,2019
4,Azerbaijan,STR,2.0,2019
4,Azerbaijan,RAI,,2019
4,Azerbaijan,ALB,0.0,2019
4,Azerbaijan,GIO,,2019
4,Azerbaijan,MAG,1.0,2019
4,Azerbaijan,HUL,,2019
4,Azerbaijan,RUS,0.0,2019
4,Azerbaijan,KUB,,2019
4,Azerbaijan,GAS,0.0,2019
4,Azerbaijan,GRO,,2019
4,Azerbaijan,KVY,,2019
4,Azerbaijan,RIC,3.0,2019
5,Spanish,HAM,26.0,2019
5,Spanish,BOT,18.0,2019
5,Spanish,VER,15.0,2019
5,Spanish,VET,12.0,2019
5,Spanish,LEC,10.0,2019
5,Spanish,GAS,8.0,2019
5,Spanish,MAG,6.0,2019
5,Spanish,SAI,4.0,2019
5,Spanish,KVY,2.0,2019
5,Spanish,GRO,1.0,2019
5,Spanish,ALB,0.0,2019
5,Spanish,RIC,0.0,2019
5,Spanish,HUL,0.0,2019
5,Spanish,RAI,0.0,2019
5,Spanish,PER,0.0,2019
5,Spanish,GIO,0.0,2019
5,Spanish,RUS,0.0,2019
5,Spanish,KUB,0.0,2019
5,Spanish,STR,0.0,2019
5,Spanish,NOR,0.0,2019
6,Monaco,HAM,25.0,2019
6,Monaco,VET,18.0,2019
6,Monaco,BOT,15.0,2019
6,Monaco,VER,12.0,2019
6,Monaco,GAS,11.0,2019
6,Monaco,SAI,8.0,2019
6,Monaco,KVY,6.0,2019
6,Monaco,ALB,4.0,2019
6,Monaco,RIC,2.0,2019
6,Monaco,GRO,1.0,2019
6,Monaco,NOR,0.0,2019
6,Monaco,PER,0.0,2019
6,Monaco,HUL,0.0,2019
6,Monaco,MAG,0.0,2019
6,Monaco,RUS,0.0,2019
6,Monaco,STR,0.0,2019
6,Monaco,RAI,0.0,2019
6,Monaco,KUB,0.0,2019
6,Monaco,GIO,0.0,2019
6,Monaco,LEC,0.0,2019
7,Canadian,HAM,25.0,2019
7,Canadian,VET,18.0,2019
7,Canadian,LEC,15.0,2019
7,Canadian,BOT,13.0,2019
7,Canadian,VER,10.0,2019
7,Canadian,RIC,8.0,2019
7,Canadian,HUL,6.0,2019
7,Canadian,GAS,4.0,2019
7,Canadian,STR,2.0,2019
7,Canadian,KVY,1.0,2019
7,Canadian,SAI,0.0,2019
7,Canadian,PER,0.0,2019
7,Canadian,GIO,0.0,2019
7,Canadian,GRO,0.0,2019
7,Canadian,RAI,0.0,2019
7,Canadian,RUS,0.0,2019
7,Canadian,MAG,0.0,2019
7,Canadian,KUB,0.0,2019
7,Canadian,ALB,0.0,2019
7,Canadian,NOR,0.0,2019
8,French,HAM,25.0,2019
8,French,BOT,18.0,2019
8,French,LEC,15.0,2019
8,French,VER,12.0,2019
8,French,VET,11.0,2019
8,French,SAI,8.0,2019
8,French,RAI,6.0,2019
8,French,HUL,4.0,2019
8,French,NOR,2.0,2019
8,French,GAS,1.0,2019
8,French,RIC,0.0,2019
8,French,PER,0.0,2019
8,French,STR,0.0,2019
8,French,KVY,0.0,2019
8,French,ALB,0.0,2019
8,French,GIO,0.0,2019
8,French,MAG,0.0,2019
8,French,KUB,0.0,2019
8,French,RUS,0.0,2019
8,French,GRO,0.0,2019
9,Austrian,VER,26.0,2019
9,Austrian,LEC,18.0,2019
9,Austrian,BOT,15.0,2019
9,Austrian,VET,12.0,2019
9,Austrian,HAM,10.0,2019
9,Austrian,NOR,8.0,2019
9,Austrian,GAS,6.0,2019
9,Austrian,SAI,4.0,2019
9,Austrian,RAI,2.0,2019
9,Austrian,GIO,1.0,2019
9,Austrian,PER,0.0,2019
9,Austrian,RIC,0.0,2019
9,Austrian,HUL,0.0,2019
9,Austrian,STR,0.0,2019
9,Austrian,ALB,0.0,2019
9,Austrian,GRO,0.0,2019
9,Austrian,KVY,0.0,2019
9,Austrian,RUS,0.0,2019
9,Austrian,MAG,0.0,2019
9,Austrian,KUB,0.0,2019
10,British,HAM,26.0,2019
10,British,BOT,18.0,2019
10,British,LEC,15.0,2019
10,British,GAS,12.0,2019
10,British,VER,10.0,2019
10,British,SAI,8.0,2019
10,British,RIC,6.0,2019
10,British,RAI,4.0,2019
10,British,KVY,2.0,2019
10,British,HUL,1.0,2019
10,British,NOR,0.0,2019
10,British,ALB,0.0,2019
10,British,STR,0.0,2019
10,British,RUS,0.0,2019
10,British,KUB,0.0,2019
10,British,VET,0.0,2019
10,British,PER,0.0,2019
10,British,GIO,0.0,2019
10,British,GRO,0.0,2019
10,British,MAG,0.0,2019
11,German,VER,34.0,2019
11,German,VET,18.0,2019
11,German,KVY,,2019
11,German,STR,12.0,2019
11,German,SAI,16.0,2019
11,German,ALB,8.0,2019
11,German,GRO,,2019
11,German,MAG,6.0,2019
11,German,HAM,3.0,2019
11,German,KUB,,2019
11,German,RUS,5.0,2019
11,German,RAI,,2019
11,German,GIO,,2019
11,German,GAS,0.0,2019
11,German,BOT,0.0,2019
11,German,HUL,,2019
11,German,LEC,7.0,2019
11,German,NOR,0.0,2019
11,German,RIC,0.0,2019
11,German,PER,4.0,2019
12,Hungarian,HAM,25.0,2019
12,Hungarian,VER,19.0,2019
12,Hungarian,VET,15.0,2019
12,Hungarian,LEC,12.0,2019
12,Hungarian,SAI,10.0,2019
12,Hungarian,GAS,8.0,2019
12,Hungarian,RAI,6.0,2019
12,Hungarian,BOT,4.0,2019
12,Hungarian,NOR,2.0,2019
12,Hungarian,ALB,1.0,2019
12,Hungarian,PER,0.0,2019
12,Hungarian,HUL,0.0,2019
12,Hungarian,MAG,0.0,2019
12,Hungarian,RIC,0.0,2019
12,Hungarian,KVY,0.0,2019
12,Hungarian,RUS,0.0,2019
12,Hungarian,STR,0.0,2019
12,Hungarian,GIO,0.0,2019
12,Hungarian,KUB,0.0,2019
12,Hungarian,GRO,0.0,2019
13,Belgian,LEC,25.0,2019
13,Belgian,HAM,18.0,2019
13,Belgian,BOT,15.0,2019
13,Belgian,VET,13.0,2019
13,Belgian,ALB,10.0,2019
13,Belgian,PER,8.0,2019
13,Belgian,KVY,6.0,2019
13,Belgian,HUL,4.0,2019
13,Belgian,GAS,2.0,2019
13,Belgian,STR,1.0,2019
13,Belgian,NOR,0.0,2019
13,Belgian,MAG,0.0,2019
13,Belgian,GRO,0.0,2019
13,Belgian,RIC,0.0,2019
13,Belgian,RUS,0.0,2019
13,Belgian,RAI,0.0,2019
13,Belgian,KUB,0.0,2019
13,Belgian,GIO,0.0,2019
13,Belgian,SAI,0.0,2019
13,Belgian,VER,0.0,2019
14,Italian,LEC,25.0,2019
14,Italian,BOT,18.0,2019
14,Italian,HAM,16.0,2019
14,Italian,RIC,12.0,2019
14,Italian,HUL,10.0,2019
14,Italian,ALB,8.0,2019
14,Italian,PER,6.0,2019
14,Italian,VER,4.0,2019
14,Italian,GIO,2.0,2019
14,Italian,NOR,1.0,2019
14,Italian,GAS,0.0,2019
14,Italian,STR,0.0,2019
14,Italian,VET,0.0,2019
14,Italian,RUS,0.0,2019
14,Italian,RAI,0.0,2019
14,Italian,GRO,0.0,2019
14,Italian,KUB,0.0,2019
14,Italian,MAG,0.0,2019
14,Italian,KVY,0.0,2019
14,Italian,SAI,0.0,2019
15,Singapore,VET,25.0,2019
15,Singapore,LEC,18.0,2019
15,Singapore,VER,15.0,2019
15,Singapore,HAM,12.0,2019
15,Singapore,BOT,10.0,2019
15,Singapore,ALB,8.0,2019
15,Singapore,NOR,6.0,2019
15,Singapore,GAS,4.0,2019
15,Singapore,HUL,2.0,2019
15,Singapore,GIO,1.0,2019
15,Singapore,GRO,0.0,2019
15,Singapore,SAI,0.0,2019
15,Singapore,STR,0.0,2019
15,Singapore,RIC,0.0,2019
15,Singapore,KVY,0.0,2019
15,Singapore,KUB,0.0,2019
15,Singapore,MAG,0.0,2019
15,Singapore,RAI,0.0,2019
15,Singapore,PER,0.0,2019
15,Singapore,RUS,0.0,2019
16,Russian,HAM,26.0,2019
16,Russian,BOT,18.0,2019
16,Russian,LEC,15.0,2019
16,Russian,VER,12.0,2019
16,Russian,ALB,10.0,2019
16,Russian,SAI,8.0,2019
16,Russian,PER,6.0,2019
16,Russian,NOR,4.0,2019
16,Russian,MAG,2.0,2019
16,Russian,HUL,1.0,2019
16,Russian,STR,0.0,2019
16,Russian,KVY,0.0,2019
16,Russian,RAI,0.0,2019
16,Russian,GAS,0.0,2019
16,Russian,GIO,0.0,2019
16,Russian,KUB,0.0,2019
16,Russian,RUS,0.0,2019
16,Russian,VET,0.0,2019
16,Russian,RIC,0.0,2019
16,Russian,GRO,0.0,2019
17,Japanese,BOT,25.0,2019
17,Japanese,VET,18.0,2019
17,Japanese,HAM,16.0,2019
17,Japanese,ALB,12.0,2019
17,Japanese,SAI,10.0,2019
17,Japanese,LEC,8.0,2019
17,Japanese,GAS,6.0,2019
17,Japanese,PER,4.0,2019
17,Japanese,STR,2.0,2019
17,Japanese,KVY,1.0,2019
17,Japanese,NOR,0.0,2019
17,Japanese,RAI,0.0,2019
17,Japanese,GRO,0.0,2019
17,Japanese,GIO,0.0,2019
17,Japanese,MAG,0.0,2019
17,Japanese,RUS,0.0,2019
17,Japanese,KUB,0.0,2019
17,Japanese,VER,0.0,2019
17,Japanese,RIC,0.0,2019
17,Japanese,HUL,0.0,2019
18,Mexican,HAM,25.0,2019
18,Mexican,VET,18.0,2019
18,Mexican,BOT,15.0,2019
18,Mexican,LEC,13.0,2019
18,Mexican,ALB,10.0,2019
18,Mexican,VER,8.0,2019
18,Mexican,PER,6.0,2019
18,Mexican,RIC,4.0,2019
18,Mexican,GAS,2.0,2019
18,Mexican,HUL,1.0,2019
18,Mexican,KVY,0.0,2019
18,Mexican,STR,0.0,2019
18,Mexican,SAI,0.0,2019
18,Mexican,GIO,0.0,2019
18,Mexican,MAG,0.0,2019
18,Mexican,RUS,0.0,2019
18,Mexican,GRO,0.0,2019
18,Mexican,KUB,0.0,2019
18,Mexican,RAI,0.0,2019
18,Mexican,NOR,0.0,2019
19,United States,BOT,25.0,2019
19,United States,HAM,18.0,2019
19,United States,VER,15.0,2019
19,United States,LEC,13.0,2019
19,United States,ALB,10.0,2019
19,United States,RIC,8.0,2019
19,United States,NOR,6.0,2019
19,United States,SAI,4.0,2019
19,United States,HUL,2.0,2019
19,United States,PER,1.0,2019
19,United States,RAI,0.0,2019
19,United States,KVY,0.0,2019
19,United States,STR,0.0,2019
19,United States,GIO,0.0,2019
19,United States,GRO,0.0,2019
19,United States,GAS,0.0,2019
19,United States,RUS,0.0,2019
19,United States,MAG,0.0,2019
19,United States,KUB,0.0,2019
19,United States,VET,0.0,2019
20,Brazilian,VER,25.0,2019
20,Brazilian,GAS,18.0,2019
20,Brazilian,SAI,15.0,2019
20,Brazilian,RAI,12.0,2019
20,Brazilian,GIO,10.0,2019
20,Brazilian,RIC,8.0,2019
20,Brazilian,HAM,6.0,2019
20,Brazilian,NOR,4.0,2019
20,Brazilian,PER,2.0,2019
20,Brazilian,KVY,1.0,2019
20,Brazilian,MAG,0.0,2019
20,Brazilian,RUS,0.0,2019
20,Brazilian,GRO,0.0,2019
20,Brazilian,ALB,0.0,2019
20,Brazilian,HUL,0.0,2019
20,Brazilian,KUB,0.0,2019
20,Brazilian,VET,0.0,2019
20,Brazilian,LEC,0.0,2019
20,Brazilian,STR,0.0,2019
20,Brazilian,BOT,0.0,2019
21,Abu Dhabi,HAM,32.0,2019
21,Abu Dhabi,VER,23.0,2019
21,Abu Dhabi,LEC,18.0,2019
21,Abu Dhabi,BOT,12.0,2019
21,Abu Dhabi,VET,10.0,2019
21,Abu Dhabi,ALB,8.0,2019
21,Abu Dhabi,PER,10.0,2019
21,Abu Dhabi,NOR,6.0,2019
21,Abu Dhabi,KVY,,2019
21,Abu Dhabi,SAI,8.0,2019
21,Abu Dhabi,RIC,0.0,2019
21,Abu Dhabi,HUL,,2019
21,Abu Dhabi,RAI,,2019
21,Abu Dhabi,MAG,1.0,2019
21,Abu Dhabi,GRO,,2019
21,Abu Dhabi,GIO,,2019
21,Abu Dhabi,RUS,8.0,2019
21,Abu Dhabi,GAS,0.0,2019
21,Abu Dhabi,KUB,,2019
21,Abu Dhabi,STR,0.0,2019
1,Austrian,BOT,25.0,2020
1,Austrian,LEC,18.0,2020
1,Austrian,NOR,16.0,2020
1,Austrian,HAM,12.0,2020
1,Austrian,SAI,10.0,2020
1,Austrian,PER,8.0,2020
1,Austrian,GAS,6.0,2020
1,Austrian,OCO,4.0,2020
1,Austrian,GIO,2.0,2020
1,Austrian,VET,1.0,2020
1,Austrian,LAT,0.0,2020
1,Austrian,KVY,0.0,2020
1,Austrian,ALB,0.0,2020
1,Austrian,RAI,0.0,2020
1,Austrian,RUS,0.0,2020
1,Austrian,GRO,0.0,2020
1,Austrian,MAG,0.0,2020
1,Austrian,STR,0.0,2020
1,Austrian,RIC,0.0,2020
1,Austrian,VER,0.0,2020
2,Styrian,HAM,25.0,2020
2,Styrian,BOT,18.0,2020
2,Styrian,VER,15.0,2020
2,Styrian,ALB,12.0,2020
2,Styrian,NOR,10.0,2020
2,Styrian,PER,8.0,2020
2,Styrian,STR,6.0,2020
2,Styrian,RIC,4.0,2020
2,Styrian,SAI,3.0,2020
2,Styrian,KVY,1.0,2020
2,Styrian,RAI,0.0,2020
2,Styrian,MAG,0.0,2020
2,Styrian,GRO,0.0,2020
2,Styrian,GIO,0.0,2020
2,Styrian,GAS,0.0,2020
2,Styrian,RUS,0.0,2020
2,Styrian,LAT,0.0,2020
2,Styrian,OCO,0.0,2020
2,Styrian,LEC,0.0,2020
2,Styrian,VET,0.0,2020
3,Hungarian,HAM,26.0,2020
3,Hungarian,VER,18.0,2020
3,Hungarian,BOT,15.0,2020
3,Hungarian,STR,12.0,2020
3,Hungarian,ALB,10.0,2020
3,Hungarian,VET,8.0,2020
3,Hungarian,PER,6.0,2020
3,Hungarian,RIC,4.0,2020
3,Hungarian,SAI,2.0,2020
3,Hungarian,MAG,1.0,2020
3,Hungarian,LEC,0.0,2020
3,Hungarian,KVY,0.0,2020
3,Hungarian,NOR,0.0,2020
3,Hungarian,OCO,0.0,2020
3,Hungarian,RAI,0.0,2020
3,Hungarian,GRO,0.0,2020
3,Hungarian,GIO,0.0,2020
3,Hungarian,RUS,0.0,2020
3,Hungarian,LAT,0.0,2020
3,Hungarian,GAS,0.0,2020
4,British,HAM,25.0,2020
4,British,VER,27.0,2020
4,British,LEC,22.0,2020
4,British,RIC,15.0,2020
4,British,NOR,14.0,2020
4,British,OCO,8.0,2020
4,British,GAS,6.0,2020
4,British,ALB,4.0,2020
4,British,STR,2.0,2020
4,British,VET,1.0,2020
4,British,BOT,2.0,2020
4,British,RUS,0.0,2020
4,British,SAI,5.0,2020
4,British,GIO,,2020
4,British,LAT,0.0,2020
4,British,GRO,,2020
4,British,RAI,,2020
4,British,KVY,,2020
4,British,MAG,1.0,2020
4,British,HUL,,2020
5,70th Anniversary,VER,25.0,2020
5,70th Anniversary,HAM,19.0,2020
5,70th Anniversary,BOT,15.0,2020
5,70th Anniversary,LEC,12.0,2020
5,70th Anniversary,ALB,10.0,2020
5,70th Anniversary,STR,8.0,2020
5,70th Anniversary,HUL,6.0,2020
5,70th Anniversary,OCO,4.0,2020
5,70th Anniversary,NOR,2.0,2020
5,70th Anniversary,KVY,1.0,2020
5,70th Anniversary,GAS,0.0,2020
5,70th Anniversary,VET,0.0,2020
5,70th Anniversary,SAI,0.0,2020
5,70th Anniversary,RIC,0.0,2020
5,70th Anniversary,RAI,0.0,2020
5,70th Anniversary,GRO,0.0,2020
5,70th Anniversary,GIO,0.0,2020
5,70th Anniversary,RUS,0.0,2020
5,70th Anniversary,LAT,0.0,2020
5,70th Anniversary,MAG,0.0,2020
6,Spanish,HAM,25.0,2020
6,Spanish,VER,18.0,2020
6,Spanish,BOT,16.0,2020
6,Spanish,STR,12.0,2020
6,Spanish,PER,10.0,2020
6,Spanish,SAI,8.0,2020
6,Spanish,VET,6.0,2020
6,Spanish,ALB,4.0,2020
6,Spanish,GAS,2.0,2020
6,Spanish,NOR,1.0,2020
6,Spanish,RIC,0.0,2020
6,Spanish,KVY,0.0,2020
6,Spanish,OCO,0.0,2020
6,Spanish,RAI,0.0,2020
6,Spanish,MAG,0.0,2020
6,Spanish,GIO,0.0,2020
6,Spanish,RUS,0.0,2020
6,Spanish,LAT,0.0,2020
6,Spanish,GRO,0.0,2020
6,Spanish,LEC,0.0,2020
7,Belgian,HAM,25.0,2020
7,Belgian,BOT,18.0,2020
7,Belgian,VER,15.0,2020
7,Belgian,RIC,13.0,2020
7,Belgian,OCO,10.0,2020
7,Belgian,ALB,8.0,2020
7,Belgian,NOR,6.0,2020
7,Belgian,GAS,4.0,2020
7,Belgian,STR,2.0,2020
7,Belgian,PER,1.0,2020
7,Belgian,KVY,0.0,2020
7,Belgian,RAI,0.0,2020
7,Belgian,VET,0.0,2020
7,Belgian,LEC,0.0,2020
7,Belgian,GRO,0.0,2020
7,Belgian,LAT,0.0,2020
7,Belgian,MAG,0.0,2020
7,Belgian,GIO,0.0,2020
7,Belgian,RUS,0.0,2020
7,Belgian,SAI,0.0,2020
8,Italian,GAS,25.0,2020
8,Italian,SAI,18.0,2020
8,Italian,STR,15.0,2020
8,Italian,NOR,12.0,2020
8,Italian,BOT,10.0,2020
8,Italian,RIC,8.0,2020
8,Italian,HAM,7.0,2020
8,Italian,OCO,4.0,2020
8,Italian,KVY,2.0,2020
8,Italian,PER,1.0,2020
8,Italian,LAT,0.0,2020
8,Italian,GRO,0.0,2020
8,Italian,RAI,0.0,2020
8,Italian,RUS,0.0,2020
8,Italian,ALB,0.0,2020
8,Italian,GIO,0.0,2020
8,Italian,VER,0.0,2020
8,Italian,LEC,0.0,2020
8,Italian,MAG,0.0,2020
8,Italian,VET,0.0,2020
9,Tuscan,HAM,26.0,2020
9,Tuscan,BOT,18.0,2020
9,Tuscan,ALB,15.0,2020
9,Tuscan,RIC,12.0,2020
9,Tuscan,PER,10.0,2020
9,Tuscan,NOR,8.0,2020
9,Tuscan,KVY,6.0,2020
9,Tuscan,LEC,4.0,2020
9,Tuscan,RAI,2.0,2020
9,Tuscan,VET,1.0,2020
9,Tuscan,RUS,0.0,2020
9,Tuscan,GRO,0.0,2020
9,Tuscan,STR,0.0,2020
9,Tuscan,OCO,0.0,2020
9,Tuscan,LAT,0.0,2020
9,Tuscan,MAG,0.0,2020
9,Tuscan,GIO,0.0,2020
9,Tuscan,SAI,0.0,2020
9,Tuscan,VER,0.0,2020
9,Tuscan,GAS,0.0,2020
10,Russian,BOT,26.0,2020
10,Russian,VER,18.0,2020
10,Russian,HAM,15.0,2020
10,Russian,PER,12.0,2020
10,Russian,RIC,10.0,2020
10,Russian,LEC,8.0,2020
10,Russian,OCO,6.0,2020
10,Russian,KVY,4.0,2020
10,Russian,GAS,2.0,2020
10,Russian,ALB,1.0,2020
10,Russian,GIO,0.0,2020
10,Russian,MAG,0.0,2020
10,Russian,VET,0.0,2020
10,Russian,RAI,0.0,2020
10,Russian,NOR,0.0,2020
10,Russian,LAT,0.0,2020
10,Russian,GRO,0.0,2020
10,Russian,RUS,0.0,2020
10,Russian,SAI,0.0,2020
10,Russian,STR,0.0,2020
11,Eifel,HAM,26.0,2020
11,Eifel,VER,27.0,2020
11,Eifel,RIC,15.0,2020
11,Eifel,PER,16.0,2020
11,Eifel,SAI,16.0,2020
11,Eifel,GAS,8.0,2020
11,Eifel,LEC,13.0,2020
11,Eifel,HUL,,2020
11,Eifel,GRO,,2020
11,Eifel,GIO,,2020
11,Eifel,VET,0.0,2020
11,Eifel,RAI,,2020
11,Eifel,MAG,2.0,2020
11,Eifel,LAT,0.0,2020
11,Eifel,KVY,,2020
11,Eifel,NOR,0.0,2020
11,Eifel,ALB,0.0,2020
11,Eifel,OCO,3.0,2020
11,Eifel,BOT,0.0,2020
11,Eifel,RUS,5.0,2020
12,Portuguese,HAM,26.0,2020
12,Portuguese,BOT,18.0,2020
12,Portuguese,VER,15.0,2020
12,Portuguese,LEC,12.0,2020
12,Portuguese,GAS,10.0,2020
12,Portuguese,SAI,8.0,2020
12,Portuguese,PER,6.0,2020
12,Portuguese,OCO,4.0,2020
12,Portuguese,RIC,2.0,2020
12,Portuguese,VET,1.0,2020
12,Portuguese,RAI,0.0,2020
12,Portuguese,ALB,0.0,2020
12,Portuguese,NOR,0.0,2020
12,Portuguese,RUS,0.0,2020
12,Portuguese,GIO,0.0,2020
12,Portuguese,MAG,0.0,2020
12,Portuguese,GRO,0.0,2020
12,Portuguese,LAT,0.0,2020
12,Portuguese,KVY,0.0,2020
12,Portuguese,STR,0.0,2020
13,Emilia Romagna,HAM,26.0,2020
13,Emilia Romagna,BOT,18.0,2020
13,Emilia Romagna,RIC,15.0,2020
13,Emilia Romagna,KVY,12.0,2020
13,Emilia Romagna,LEC,10.0,2020
13,Emilia Romagna,PER,8.0,2020
13,Emilia Romagna,SAI,6.0,2020
13,Emilia Romagna,NOR,4.0,2020
13,Emilia Romagna,RAI,2.0,2020
13,Emilia Romagna,GIO,1.0,2020
13,Emilia Romagna,LAT,0.0,2020
13,Emilia Romagna,VET,0.0,2020
13,Emilia Romagna,STR,0.0,2020
13,Emilia Romagna,GRO,0.0,2020
13,Emilia Romagna,ALB,0.0,2020
13,Emilia Romagna,RUS,0.0,2020
13,Emilia Romagna,VER,0.0,2020
13,Emilia Romagna,MAG,0.0,2020
13,Emilia Romagna,OCO,0.0,2020
13,Emilia Romagna,GAS,0.0,2020
14,Turkish,HAM,25.0,2020
14,Turkish,PER,18.0,2020
14,Turkish,VET,15.0,2020
14,Turkish,LEC,12.0,2020
14,Turkish,SAI,10.0,2020
14,Turkish,VER,8.0,2020
14,Turkish,ALB,6.0,2020
14,Turkish,NOR,5.0,2020
14,Turkish,STR,2.0,2020
14,Turkish,RIC,1.0,2020
14,Turkish,OCO,0.0,2020
14,Turkish,KVY,0.0,2020
14,Turkish,GAS,0.0,2020
14,Turkish,BOT,0.0,2020
14,Turkish,RAI,0.0,2020
14,Turkish,RUS,0.0,2020
14,Turkish,MAG,0.0,2020
14,Turkish,GRO,0.0,2020
14,Turkish,LAT,0.0,2020
14,Turkish,GIO,0.0,2020
15,Bahrain,HAM,25.0,2020
15,Bahrain,VER,19.0,2020
15,Bahrain,ALB,15.0,2020
15,Bahrain,NOR,12.0,2020
15,Bahrain,SAI,10.0,2020
15,Bahrain,GAS,8.0,2020
15,Bahrain,RIC,6.0,2020
15,Bahrain,BOT,4.0,2020
15,Bahrain,OCO,2.0,2020
15,Bahrain,LEC,1.0,2020
15,Bahrain,KVY,0.0,2020
15,Bahrain,RUS,0.0,2020
15,Bahrain,VET,0.0,2020
15,Bahrain,LAT,0.0,2020
15,Bahrain,RAI,0.0,2020
15,Bahrain,GIO,0.0,2020
15,Bahrain,MAG,0.0,2020
15,Bahrain,PER,0.0,2020
15,Bahrain,STR,0.0,2020
15,Bahrain,GRO,0.0,2020
16,Sakhir,PER,25.0,2020
16,Sakhir,OCO,18.0,2020
16,Sakhir,STR,15.0,2020
16,Sakhir,SAI,12.0,2020
16,Sakhir,RIC,10.0,2020
16,Sakhir,ALB,8.0,2020
16,Sakhir,KVY,6.0,2020
16,Sakhir,BOT,4.0,2020
16,Sakhir,RUS,3.0,2020
16,Sakhir,NOR,1.0,2020
16,Sakhir,GAS,0.0,2020
16,Sakhir,VET,0.0,2020
16,Sakhir,GIO,0.0,2020
16,Sakhir,RAI,0.0,2020
16,Sakhir,MAG,0.0,2020
16,Sakhir,AIT,0.0,2020
16,Sakhir,FIT,0.0,2020
16,Sakhir,LAT,0.0,2020
16,Sakhir,VER,0.0,2020
16,Sakhir,LEC,0.0,2020
17,Abu Dhabi,VER,25.0,2020
17,Abu Dhabi,BOT,18.0,2020
17,Abu Dhabi,HAM,15.0,2020
17,Abu Dhabi,ALB,12.0,2020
17,Abu Dhabi,NOR,10.0,2020
17,Abu Dhabi,SAI,8.0,2020
17,Abu Dhabi,RIC,7.0,2020
17,Abu Dhabi,GAS,4.0,2020
17,Abu Dhabi,OCO,2.0,2020
17,Abu Dhabi,STR,1.0,2020
17,Abu Dhabi,KVY,0.0,2020
17,Abu Dhabi,RAI,0.0,2020
17,Abu Dhabi,LEC,0.0,2020
17,Abu Dhabi,VET,0.0,2020
17,Abu Dhabi,RUS,0.0,2020
17,Abu Dhabi,GIO,0.0,2020
17,Abu Dhabi,LAT,0.0,2020
17,Abu Dhabi,MAG,0.0,2020
17,Abu Dhabi,FIT,0.0,2020
17,Abu Dhabi,PER,0.0,2020
1,Bahrain,HAM,25.0,2021
1,Bahrain,VER,18.0,2021
1,Bahrain,BOT,16.0,2021
1,Bahrain,NOR,12.0,2021
1,Bahrain,PER,10.0,2021
1,Bahrain,LEC,8.0,2021
1,Bahrain,RIC,6.0,2021
1,Bahrain,SAI,4.0,2021
1,Bahrain,TSU,2.0,2021
1,Bahrain,STR,1.0,2021
1,Bahrain,RAI,0.0,2021
1,Bahrain,GIO,0.0,2021
1,Bahrain,OCO,0.0,2021
1,Bahrain,RUS,0.0,2021
1,Bahrain,VET,0.0,2021
1,Bahrain,MSC,0.0,2021
1,Bahrain,GAS,0.0,2021
1,Bahrain,LAT,0.0,2021
1,Bahrain,ALO,0.0,2021
1,Bahrain,MAZ,0.0,2021
2,Emilia Romagna,VER,25.0,2021
2,Emilia Romagna,HAM,19.0,2021
2,Emilia Romagna,NOR,15.0,2021
2,Emilia Romagna,LEC,12.0,2021
2,Emilia Romagna,SAI,10.0,2021
2,Emilia Romagna,RIC,8.0,2021
2,Emilia Romagna,GAS,6.0,2021
2,Emilia Romagna,STR,4.0,2021
2,Emilia Romagna,OCO,2.0,2021
2,Emilia Romagna,ALO,1.0,2021
2,Emilia Romagna,PER,0.0,2021
2,Emilia Romagna,TSU,0.0,2021
2,Emilia Romagna,RAI,0.0,2021
2,Emilia Romagna,GIO,0.0,2021
2,Emilia Romagna,VET,0.0,2021
2,Emilia Romagna,MSC,0.0,2021
2,Emilia Romagna,MAZ,0.0,2021
2,Emilia Romagna,BOT,0.0,2021
2,Emilia Romagna,RUS,0.0,2021
2,Emilia Romagna,LAT,0.0,2021
3,Portuguese,HAM,25.0,2021
3,Portuguese,VER,18.0,2021
3,Portuguese,BOT,16.0,2021
3,Portuguese,PER,12.0,2021
3,Portuguese,NOR,10.0,2021
3,Portuguese,LEC,8.0,2021
3,Portuguese,OCO,6.0,2021
3,Portuguese,ALO,4.0,2021
3,Portuguese,RIC,2.0,2021
3,Portuguese,GAS,1.0,2021
3,Portuguese,SAI,0.0,2021
3,Portuguese,GIO,0.0,2021
3,Portuguese,VET,0.0,2021
3,Portuguese,STR,0.0,2021
3,Portuguese,TSU,0.0,2021
3,Portuguese,RUS,0.0,2021
3,Portuguese,MSC,0.0,2021
3,Portuguese,LAT,0.0,2021
3,Portuguese,MAZ,0.0,2021
3,Portuguese,RAI,0.0,2021
4,Spanish,HAM,25.0,2021
4,Spanish,VER,27.0,2021
4,Spanish,BOT,17.0,2021
4,Spanish,LEC,19.0,2021
4,Spanish,PER,16.0,2021
4,Spanish,RIC,11.0,2021
4,Spanish,SAI,11.0,2021
4,Spanish,NOR,8.0,2021
4,Spanish,OCO,2.0,2021
4,Spanish,GAS,1.0,2021
4,Spanish,STR,0.0,2021
4,Spanish,RAI,,2021
4,Spanish,VET,0.0,2021
4,Spanish,RUS,0.0,2021
4,Spanish,GIO,,2021
4,Spanish,LAT,0.0,2021
4,Spanish,ALO,0.0,2021
4,Spanish,MSC,0.0,2021
4,Spanish,MAZ,,2021
4,Spanish,TSU,0.0,2021
5,Monaco,VER,25.0,2021
5,Monaco,SAI,18.0,2021
5,Monaco,NOR,15.0,2021
5,Monaco,PER,12.0,2021
5,Monaco,VET,10.0,2021
5,Monaco,GAS,8.0,2021
5,Monaco,HAM,7.0,2021
5,Monaco,STR,4.0,2021
5,Monaco,OCO,2.0,2021
5,Monaco,GIO,1.0,2021
5,Monaco,RAI,0.0,2021
5,Monaco,RIC,0.0,2021
5,Monaco,ALO,0.0,2021
5,Monaco,RUS,0.0,2021
5,Monaco,LAT,0.0,2021
5,Monaco,TSU,0.0,2021
5,Monaco,MAZ,0.0,2021
5,Monaco,MSC,0.0,2021
5,Monaco,BOT,0.0,2021
5,Monaco,LEC,0.0,2021
6,Azerbaijan,PER,25.0,2021
6,Azerbaijan,VET,18.0,2021
6,Azerbaijan,GAS,15.0,2021
6,Azerbaijan,LEC,12.0,2021
6,Azerbaijan,NOR,10.0,2021
6,Azerbaijan,ALO,8.0,2021
6,Azerbaijan,TSU,6.0,2021
6,Azerbaijan,SAI,4.0,2021
6,Azerbaijan,RIC,2.0,2021
6,Azerbaijan,RAI,1.0,2021
6,Azerbaijan,GIO,0.0,2021
6,Azerbaijan,BOT,0.0,2021
6,Azerbaijan,MSC,0.0,2021
6,Azerbaijan,MAZ,0.0,2021
6,Azerbaijan,HAM,0.0,2021
6,Azerbaijan,LAT,0.0,2021
6,Azerbaijan,RUS,0.0,2021
6,Azerbaijan,VER,0.0,2021
6,Azerbaijan,STR,0.0,2021
6,Azerbaijan,OCO,0.0,2021
7,French,VER,26.0,2021
7,French,HAM,18.0,2021
7,French,PER,15.0,2021
7,French,BOT,12.0,2021
7,French,NOR,10.0,2021
7,French,RIC,8.0,2021
7,French,GAS,6.0,2021
7,French,ALO,4.0,2021
7,French,VET,2.0,2021
7,French,STR,1.0,2021
7,French,SAI,0.0,2021
7,French,RUS,0.0,2021
7,French,TSU,0.0,2021
7,French,OCO,0.0,2021
7,French,GIO,0.0,2021
7,French,LEC,0.0,2021
7,French,RAI,0.0,2021
7,French,LAT,0.0,2021
7,French,MSC,0.0,2021
7,French,MAZ,0.0,2021
8,Styrian,VER,25.0,2021
8,Styrian,HAM,19.0,2021
8,Styrian,BOT,15.0,2021
8,Styrian,PER,12.0,2021
8,Styrian,NOR,10.0,2021
8,Styrian,SAI,8.0,2021
8,Styrian,LEC,6.0,2021
8,Styrian,STR,4.0,2021
8,Styrian,ALO,2.0,2021
8,Styrian,TSU,1.0,2021
8,Styrian,RAI,0.0,2021
8,Styrian,VET,0.0,2021
8,Styrian,RIC,0.0,2021
8,Styrian,OCO,0.0,2021
8,Styrian,GIO,0.0,2021
8,Styrian,MSC,0.0,2021
8,Styrian,LAT,0.0,2021
8,Styrian,MAZ,0.0,2021
8,Styrian,RUS,0.0,2021
8,Styrian,GAS,0.0,2021
9,Austrian,VER,26.0,2021
9,Austrian,BOT,18.0,2021
9,Austrian,NOR,15.0,2021
9,Austrian,HAM,12.0,2021
9,Austrian,SAI,10.0,2021
9,Austrian,PER,8.0,2021
9,Austrian,RIC,6.0,2021
9,Austrian,LEC,4.0,2021
9,Austrian,GAS,2.0,2021
9,Austrian,ALO,1.0,2021
9,Austrian,RUS,0.0,2021
9,Austrian,TSU,0.0,2021
9,Austrian,STR,0.0,2021
9,Austrian,GIO,0.0,2021
9,Austrian,RAI,0.0,2021
9,Austrian,LAT,0.0,2021
9,Austrian,VET,0.0,2021
9,Austrian,MSC,0.0,2021
9,Austrian,MAZ,0.0,2021
9,Austrian,OCO,0.0,2021
10,British,HAM,25.0,2021
10,British,LEC,18.0,2021
10,British,BOT,15.0,2021
10,British,NOR,12.0,2021
10,British,RIC,10.0,2021
10,British,SAI,8.0,2021
10,British,ALO,6.0,2021
10,British,STR,4.0,2021
10,British,OCO,2.0,2021
10,British,TSU,1.0,2021
10,British,GAS,0.0,2021
10,British,RUS,0.0,2021
10,British,GIO,0.0,2021
10,British,LAT,0.0,2021
10,British,RAI,0.0,2021
10,British,PER,0.0,2021
10,British,MAZ,0.0,2021
10,British,MSC,0.0,2021
10,British,VET,0.0,2021
10,British,VER,0.0,2021
11,Hungarian,OCO,28.0,2021
11,Hungarian,HAM,19.0,2021
11,Hungarian,SAI,21.0,2021
11,Hungarian,ALO,12.0,2021
11,Hungarian,GAS,11.0,2021
11,Hungarian,TSU,8.0,2021
11,Hungarian,LAT,6.0,2021
11,Hungarian,RUS,9.0,2021
11,Hungarian,VER,10.0,2021
11,Hungarian,RAI,,2021
11,Hungarian,RIC,0.0,2021
11,Hungarian,MSC,0.0,2021
11,Hungarian,GIO,,2021
11,Hungarian,MAZ,,2021
11,Hungarian,NOR,0.0,2021
11,Hungarian,BOT,0.0,2021
11,Hungarian,PER,4.0,2021
11,Hungarian,LEC,7.0,2021
11,Hungarian,STR,0.0,2021
11,Hungarian,VET,0.0,2021
12,Belgian,VER,12.5,2021
12,Belgian,RUS,9.0,2021
12,Belgian,HAM,7.5,2021
12,Belgian,RIC,6.0,2021
12,Belgian,VET,5.0,2021
12,Belgian,GAS,4.0,2021
12,Belgian,OCO,3.0,2021
12,Belgian,LEC,2.0,2021
12,Belgian,LAT,1.0,2021
12,Belgian,SAI,0.5,2021
12,Belgian,ALO,0.0,2021
12,Belgian,BOT,0.0,2021
12,Belgian,GIO,0.0,2021
12,Belgian,NOR,0.0,2021
12,Belgian,TSU,0.0,2021
12,Belgian,MSC,0.0,2021
12,Belgian,MAZ,0.0,2021
12,Belgian,RAI,0.0,2021
12,Belgian,PER,0.0,2021
12,Belgian,STR,0.0,2021
13,Dutch,VER,25.0,2021
13,Dutch,HAM,19.0,2021
13,Dutch,BOT,15.0,2021
13,Dutch,GAS,12.0,2021
13,Dutch,LEC,10.0,2021
13,Dutch,ALO,8.0,2021
13,Dutch,SAI,6.0,2021
13,Dutch,PER,4.0,2021
13,Dutch,OCO,2.0,2021
13,Dutch,NOR,1.0,2021
13,Dutch,RIC,0.0,2021
13,Dutch,STR,0.0,2021
13,Dutch,VET,0.0,2021
13,Dutch,GIO,0.0,2021
13,Dutch,KUB,0.0,2021
13,Dutch,LAT,0.0,2021
13,Dutch,RUS,0.0,2021
13,Dutch,MSC,0.0,2021
13,Dutch,TSU,0.0,2021
13,Dutch,MAZ,0.0,2021
14,Italian,RIC,26.0,2021
14,Italian,NOR,18.0,2021
14,Italian,BOT,15.0,2021
14,Italian,LEC,12.0,2021
14,Italian,PER,10.0,2021
14,Italian,SAI,8.0,2021
14,Italian,STR,6.0,2021
14,Italian,ALO,4.0,2021
14,Italian,RUS,2.0,2021
14,Italian,OCO,1.0,2021
14,Italian,LAT,0.0,2021
14,Italian,VET,0.0,2021
14,Italian,GIO,0.0,2021
14,Italian,KUB,0.0,2021
14,Italian,MSC,0.0,2021
14,Italian,MAZ,0.0,2021
14,Italian,HAM,0.0,2021
14,Italian,VER,0.0,2021
14,Italian,GAS,0.0,2021
14,Italian,TSU,0.0,2021
15,Russian,HAM,25.0,2021
15,Russian,VER,18.0,2021
15,Russian,SAI,15.0,2021
15,Russian,RIC,12.0,2021
15,Russian,BOT,10.0,2021
15,Russian,ALO,8.0,2021
15,Russian,NOR,7.0,2021
15,Russian,RAI,4.0,2021
15,Russian,PER,2.0,2021
15,Russian,RUS,1.0,2021
15,Russian,STR,0.0,2021
15,Russian,VET,0.0,2021
15,Russian,GAS,0.0,2021
15,Russian,OCO,0.0,2021
15,Russian,LEC,0.0,2021
15,Russian,GIO,0.0,2021
15,Russian,TSU,0.0,2021
15,Russian,MAZ,0.0,2021
15,Russian,LAT,0.0,2021
15,Russian,MSC,0.0,2021
16,Turkish,BOT,26.0,2021
16,Turkish,VER,18.0,2021
16,Turkish,PER,15.0,2021
16,Turkish,LEC,12.0,2021
16,Turkish,HAM,10.0,2021
16,Turkish,GAS,8.0,2021
16,Turkish,NOR,6.0,2021
16,Turkish,SAI,4.0,2021
16,Turkish,STR,2.0,2021
16,Turkish,OCO,1.0,2021
16,Turkish,GIO,0.0,2021
16,Turkish,RAI,0.0,2021
16,Turkish,RIC,0.0,2021
16,Turkish,TSU,0.0,2021
16,Turkish,RUS,0.0,2021
16,Turkish,ALO,0.0,2021
16,Turkish,LAT,0.0,2021
16,Turkish,VET,0.0,2021
16,Turkish,MSC,0.0,2021
16,Turkish,MAZ,0.0,2021
17,United States,VER,25.0,2021
17,United States,HAM,19.0,2021
17,United States,PER,15.0,2021
17,United States,LEC,12.0,2021
17,United States,RIC,10.0,2021
17,United States,BOT,8.0,2021
17,United States,SAI,6.0,2021
17,United States,NOR,4.0,2021
17,United States,TSU,2.0,2021
17,United States,VET,1.0,2021
17,United States,GIO,0.0,2021
17,United States,STR,0.0,2021
17,United States,RAI,0.0,2021
17,United States,RUS,0.0,2021
17,United States,LAT,0.0,2021
17,United States,MSC,0.0,2021
17,United States,MAZ,0.0,2021
17,United States,ALO,0.0,2021
17,United States,OCO,0.0,2021
17,United States,GAS,0.0,2021
18,Mexico City,VER,25.0,2021
18,Mexico City,HAM,18.0,2021
18,Mexico City,PER,15.0,2021
18,Mexico City,GAS,12.0,2021
18,Mexico City,LEC,10.0,2021
18,Mexico City,SAI,8.0,2021
18,Mexico City,VET,6.0,2021
18,Mexico City,RAI,4.0,2021
18,Mexico City,ALO,2.0,2021
18,Mexico City,NOR,1.0,2021
18,Mexico City,GIO,0.0,2021
18,Mexico City,RIC,0.0,2021
18,Mexico City,OCO,0.0,2021
18,Mexico City,STR,0.0,2021
18,Mexico City,BOT,0.0,2021
18,Mexico City,RUS,0.0,2021
18,Mexico City,LAT,0.0,2021
18,Mexico City,MAZ,0.0,2021
18,Mexico City,MSC,0.0,2021
18,Mexico City,TSU,0.0,2021
19,São Paulo,HAM,25.0,2021
19,São Paulo,VER,18.0,2021
19,São Paulo,BOT,15.0,2021
19,São Paulo,PER,13.0,2021
19,São Paulo,LEC,10.0,2021
19,São Paulo,SAI,8.0,2021
19,São Paulo,GAS,6.0,2021
19,São Paulo,OCO,4.0,2021
19,São Paulo,ALO,2.0,2021
19,São Paulo,NOR,1.0,2021
19,São Paulo,VET,0.0,2021
19,São Paulo,RAI,0.0,2021
19,São Paulo,RUS,0.0,2021
19,São Paulo,GIO,0.0,2021
19,São Paulo,TSU,0.0,2021
19,São Paulo,LAT,0.0,2021
19,São Paulo,MAZ,0.0,2021
19,São Paulo,MSC,0.0,2021
19,São Paulo,RIC,0.0,2021
19,São Paulo,STR,0.0,2021
20,Qatar,HAM,25.0,2021
20,Qatar,VER,19.0,2021
20,Qatar,ALO,15.0,2021
20,Qatar,PER,12.0,2021
20,Qatar,OCO,10.0,2021
20,Qatar,STR,8.0,2021
20,Qatar,SAI,6.0,2021
20,Qatar,LEC,4.0,2021
20,Qatar,NOR,2.0,2021
20,Qatar,VET,1.0,2021
20,Qatar,GAS,0.0,2021
20,Qatar,RIC,0.0,2021
20,Qatar,TSU,0.0,2021
20,Qatar,RAI,0.0,2021
20,Qatar,GIO,0.0,2021
20,Qatar,MSC,0.0,2021
20,Qatar,RUS,0.0,2021
20,Qatar,MAZ,0.0,2021
20,Qatar,LAT,0.0,2021
20,Qatar,BOT,0.0,2021
21,Saudi Arabian,HAM,32.0,2021
21,Saudi Arabian,VER,23.0,2021
21,Saudi Arabian,BOT,15.0,2021
21,Saudi Arabian,OCO,12.0,2021
21,Saudi Arabian,RIC,10.0,2021
21,Saudi Arabian,GAS,8.0,2021
21,Saudi Arabian,LEC,9.0,2021
21,Saudi Arabian,SAI,11.0,2021
21,Saudi Arabian,GIO,,2021
21,Saudi Arabian,NOR,3.0,2021
21,Saudi Arabian,STR,0.0,2021
21,Saudi Arabian,LAT,0.0,2021
21,Saudi Arabian,ALO,0.0,2021
21,Saudi Arabian,TSU,0.0,2021
21,Saudi Arabian,RAI,,2021
21,Saudi Arabian,VET,0.0,2021
21,Saudi Arabian,PER,4.0,2021
21,Saudi Arabian,MAZ,,2021
21,Saudi Arabian,RUS,8.0,2021
21,Saudi Arabian,MSC,0.0,2021
22,Abu Dhabi,VER,26.0,2021
22,Abu Dhabi,HAM,18.0,2021
22,Abu Dhabi,SAI,15.0,2021
22,Abu Dhabi,TSU,12.0,2021
22,Abu Dhabi,GAS,10.0,2021
22,Abu Dhabi,BOT,8.0,2021
22,Abu Dhabi,NOR,6.0,2021
22,Abu Dhabi,ALO,4.0,2021
22,Abu Dhabi,OCO,2.0,2021
22,Abu Dhabi,LEC,1.0,2021
22,Abu Dhabi,VET,0.0,2021
22,Abu Dhabi,RIC,0.0,2021
22,Abu Dhabi,STR,0.0,2021
22,Abu Dhabi,MSC,0.0,2021
22,Abu Dhabi,PER,0.0,2021
22,Abu Dhabi,LAT,0.0,2021
22,Abu Dhabi,GIO,0.0,2021
22,Abu Dhabi,RUS,0.0,2021
22,Abu Dhabi,RAI,0.0,2021
22,Abu Dhabi,MAZ,0.0,2021
1,Bahrain,LEC,26.0,2022
1,Bahrain,SAI,18.0,2022
1,Bahrain,HAM,15.0,2022
1,Bahrain,RUS,12.0,2022
1,Bahrain,MAG,10.0,2022
1,Bahrain,BOT,8.0,2022
1,Bahrain,OCO,6.0,2022
1,Bahrain,TSU,4.0,2022
1,Bahrain,ALO,2.0,2022
1,Bahrain,ZHO,1.0,2022
1,Bahrain,MSC,0.0,2022
1,Bahrain,STR,0.0,2022
1,Bahrain,ALB,0.0,2022
1,Bahrain,RIC,0.0,2022
1,Bahrain,NOR,0.0,2022
1,Bahrain,LAT,0.0,2022
1,Bahrain,HUL,0.0,2022
1,Bahrain,PER,0.0,2022
1,Bahrain,VER,0.0,2022
1,Bahrain,GAS,0.0,2022
2,Saudi Arabian,VER,25.0,2022
2,Saudi Arabian,LEC,19.0,2022
2,Saudi Arabian,SAI,15.0,2022
2,Saudi Arabian,PER,12.0,2022
2,Saudi Arabian,RUS,10.0,2022
2,Saudi Arabian,OCO,8.0,2022
2,Saudi Arabian,NOR,6.0,2022
2,Saudi Arabian,GAS,4.0,2022
2,Saudi Arabian,MAG,2.0,2022
2,Saudi Arabian,HAM,1.0,2022
2,Saudi Arabian,ZHO,0.0,2022
2,Saudi Arabian,HUL,0.0,2022
2,Saudi Arabian,STR,0.0,2022
2,Saudi Arabian,ALB,0.0,2022
2,Saudi Arabian,BOT,0.0,2022
2,Saudi Arabian,ALO,0.0,2022
2,Saudi Arabian,RIC,0.0,2022
2,Saudi Arabian,LAT,0.0,2022
2,Saudi Arabian,TSU,0.0,2022
2,Saudi Arabian,MSC,0.0,2022
3,Australian,LEC,26.0,2022
3,Australian,PER,18.0,2022
3,Australian,RUS,15.0,2022
3,Australian,HAM,12.0,2022
3,Australian,NOR,10.0,2022
3,Australian,RIC,8.0,2022
3,Australian,OCO,6.0,2022
3,Australian,BOT,4.0,2022
3,Australian,GAS,2.0,2022
3,Australian,ALB,1.0,2022
3,Australian,ZHO,0.0,2022
3,Australian,STR,0.0,2022
3,Australian,MSC,0.0,2022
3,Australian,MAG,0.0,2022
3,Australian,TSU,0.0,2022
3,Australian,LAT,0.0,2022
3,Australian,ALO,0.0,2022
3,Australian,VER,0.0,2022
3,Australian,VET,0.0,2022
3,Australian,SAI,0.0,2022
4,Emilia Romagna,VER,34.0,2022
4,Emilia Romagna,PER,24.0,2022
4,Emilia Romagna,NOR,19.0,2022
4,Emilia Romagna,RUS,12.0,2022
4,Emilia Romagna,BOT,12.0,2022
4,Emilia Romagna,LEC,15.0,2022
4,Emilia Romagna,TSU,6.0,2022
4,Emilia Romagna,VET,4.0,2022
4,Emilia Romagna,MAG,3.0,2022
4,Emilia Romagna,STR,1.0,2022
4,Emilia Romagna,ALB,0.0,2022
4,Emilia Romagna,GAS,0.0,2022
4,Emilia Romagna,HAM,0.0,2022
4,Emilia Romagna,OCO,0.0,2022
4,Emilia Romagna,ZHO,0.0,2022
4,Emilia Romagna,LAT,0.0,2022
4,Emilia Romagna,MSC,0.0,2022
4,Emilia Romagna,RIC,3.0,2022
4,Emilia Romagna,ALO,0.0,2022
4,Emilia Romagna,SAI,5.0,2022
5,Miami,VER,26.0,2022
5,Miami,LEC,18.0,2022
5,Miami,SAI,15.0,2022
5,Miami,PER,12.0,2022
5,Miami,RUS,10.0,2022
5,Miami,HAM,8.0,2022
5,Miami,BOT,6.0,2022
5,Miami,OCO,4.0,2022
5,Miami,ALB,2.0,2022
5,Miami,STR,1.0,2022
5,Miami,ALO,0.0,2022
5,Miami,TSU,0.0,2022
5,Miami,RIC,0.0,2022
5,Miami,LAT,0.0,2022
5,Miami,MSC,0.0,2022
5,Miami,MAG,0.0,2022
5,Miami,VET,0.0,2022
5,Miami,GAS,0.0,2022
5,Miami,NOR,0.0,2022
5,Miami,ZHO,0.0,2022
6,Spanish,VER,25.0,2022
6,Spanish,PER,19.0,2022
6,Spanish,RUS,15.0,2022
6,Spanish,SAI,12.0,2022
6,Spanish,HAM,10.0,2022
6,Spanish,BOT,8.0,2022
6,Spanish,OCO,6.0,2022
6,Spanish,NOR,4.0,2022
6,Spanish,ALO,2.0,2022
6,Spanish,TSU,1.0,2022
6,Spanish,VET,0.0,2022
6,Spanish,RIC,0.0,2022
6,Spanish,GAS,0.0,2022
6,Spanish,MSC,0.0,2022
6,Spanish,STR,0.0,2022
6,Spanish,LAT,0.0,2022
6,Spanish,MAG,0.0,2022
6,Spanish,ALB,0.0,2022
6,Spanish,ZHO,0.0,2022
6,Spanish,LEC,0.0,2022
7,Monaco,PER,25.0,2022
7,Monaco,SAI,18.0,2022
7,Monaco,VER,15.0,2022
7,Monaco,LEC,12.0,2022
7,Monaco,RUS,10.0,2022
7,Monaco,NOR,9.0,2022
7,Monaco,ALO,6.0,2022
7,Monaco,HAM,4.0,2022
7,Monaco,BOT,2.0,2022
7,Monaco,VET,1.0,2022
7,Monaco,GAS,0.0,2022
7,Monaco,OCO,0.0,2022
7,Monaco,RIC,0.0,2022
7,Monaco,STR,0.0,2022
7,Monaco,LAT,0.0,2022
7,Monaco,ZHO,0.0,2022
7,Monaco,TSU,0.0,2022
7,Monaco,ALB,0.0,2022
7,Monaco,MSC,0.0,2022
7,Monaco,MAG,0.0,2022
8,Azerbaijan,VER,25.0,2022
8,Azerbaijan,PER,19.0,2022
8,Azerbaijan,RUS,15.0,2022
8,Azerbaijan,HAM,12.0,2022
8,Azerbaijan,GAS,10.0,2022
8,Azerbaijan,VET,8.0,2022
8,Azerbaijan,ALO,6.0,2022
8,Azerbaijan,RIC,4.0,2022
8,Azerbaijan,NOR,2.0,2022
8,Azerbaijan,OCO,1.0,2022
8,Azerbaijan,BOT,0.0,2022
8,Azerbaijan,ALB,0.0,2022
8,Azerbaijan,TSU,0.0,2022
8,Azerbaijan,MSC,0.0,2022
8,Azerbaijan,LAT,0.0,2022
8,Azerbaijan,STR,0.0,2022
8,Azerbaijan,MAG,0.0,2022
8,Azerbaijan,ZHO,0.0,2022
8,Azerbaijan,LEC,0.0,2022
8,Azerbaijan,SAI,0.0,2022
9,Canadian,VER,25.0,2022
9,Canadian,SAI,19.0,2022
9,Canadian,HAM,15.0,2022
9,Canadian,RUS,12.0,2022
9,Canadian,LEC,10.0,2022
9,Canadian,OCO,8.0,2022
9,Canadian,BOT,6.0,2022
9,Canadian,ZHO,4.0,2022
9,Canadian,ALO,2.0,2022
9,Canadian,STR,1.0,2022
9,Canadian,RIC,0.0,2022
9,Canadian,VET,0.0,2022
9,Canadian,ALB,0.0,2022
9,Canadian,GAS,0.0,2022
9,Canadian,NOR,0.0,2022
9,Canadian,LAT,0.0,2022
9,Canadian,MAG,0.0,2022
9,Canadian,TSU,0.0,2022
9,Canadian,MSC,0.0,2022
9,Canadian,PER,0.0,2022
10,British,SAI,25.0,2022
10,British,PER,18.0,2022
10,British,HAM,16.0,2022
10,British,LEC,12.0,2022
10,British,ALO,10.0,2022
10,British,NOR,8.0,2022
10,British,VER,6.0,2022
10,British,MSC,4.0,2022
10,British,VET,2.0,2022
10,British,MAG,1.0,2022
10,British,STR,0.0,2022
10,British,LAT,0.0,2022
10,British,RIC,0.0,2022
10,British,TSU,0.0,2022
10,British,OCO,0.0,2022
10,British,GAS,0.0,2022
10,British,BOT,0.0,2022
10,British,RUS,0.0,2022
10,British,ZHO,0.0,2022
10,British,ALB,0.0,2022
11,Austrian,LEC,32.0,2022
11,Austrian,VER,27.0,2022
11,Austrian,HAM,16.0,2022
11,Austrian,RUS,17.0,2022
11,Austrian,OCO,13.0,2022
11,Austrian,MSC,8.0,2022
11,Austrian,NOR,6.0,2022
11,Austrian,MAG,6.0,2022
11,Austrian,RIC,2.0,2022
11,Austrian,ALO,1.0,2022
11,Austrian,BOT,0.0,2022
11,Austrian,ALB,0.0,2022
11,Austrian,STR,0.0,2022
11,Austrian,ZHO,0.0,2022
11,Austrian,GAS,0.0,2022
11,Austrian,TSU,0.0,2022
11,Austrian,VET,0.0,2022
11,Austrian,SAI,6.0,2022
11,Austrian,LAT,0.0,2022
11,Austrian,PER,4.0,2022
12,French,VER,25.0,2022
12,French,HAM,18.0,2022
12,French,RUS,15.0,2022
12,French,PER,12.0,2022
12,French,SAI,11.0,2022
12,French,ALO,8.0,2022
12,French,NOR,6.0,2022
12,French,OCO,4.0,2022
12,French,RIC,2.0,2022
12,French,STR,1.0,2022
12,French,VET,0.0,2022
12,French,GAS,0.0,2022
12,French,ALB,0.0,2022
12,French,BOT,0.0,2022
12,French,MSC,0.0,2022
12,French,ZHO,0.0,2022
12,French,LAT,0.0,2022
12,French,MAG,0.0,2022
12,French,LEC,0.0,2022
12,French,TSU,0.0,2022
13,Hungarian,VER,25.0,2022
13,Hungarian,HAM,19.0,2022
13,Hungarian,RUS,15.0,2022
13,Hungarian,SAI,12.0,2022
13,Hungarian,PER,10.0,2022
13,Hungarian,LEC,8.0,2022
13,Hungarian,NOR,6.0,2022
13,Hungarian,ALO,4.0,2022
13,Hungarian,OCO,2.0,2022
13,Hungarian,VET,1.0,2022
13,Hungarian,STR,0.0,2022
13,Hungarian,GAS,0.0,2022
13,Hungarian,ZHO,0.0,2022
13,Hungarian,MSC,0.0,2022
13,Hungarian,RIC,0.0,2022
13,Hungarian,MAG,0.0,2022
13,Hungarian,ALB,0.0,2022
13,Hungarian,LAT,0.0,2022
13,Hungarian,TSU,0.0,2022
13,Hungarian,BOT,0.0,2022
14,Belgian,VER,26.0,2022
14,Belgian,PER,18.0,2022
14,Belgian,SAI,15.0,2022
14,Belgian,RUS,12.0,2022
14,Belgian,ALO,10.0,2022
14,Belgian,LEC,8.0,2022
14,Belgian,OCO,6.0,2022
14,Belgian,VET,4.0,2022
14,Belgian,GAS,2.0,2022
14,Belgian,ALB,1.0,2022
14,Belgian,STR,0.0,2022
14,Belgian,NOR,0.0,2022
14,Belgian,TSU,0.0,2022
14,Belgian,ZHO,0.0,2022
14,Belgian,RIC,0.0,2022
14,Belgian,MAG,0.0,2022
14,Belgian,MSC,0.0,2022
14,Belgian,LAT,0.0,2022
14,Belgian,BOT,0.0,2022
14,Belgian,HAM,0.0,2022
15,Dutch,VER,26.0,2022
15,Dutch,RUS,18.0,2022
15,Dutch,LEC,15.0,2022
15,Dutch,HAM,12.0,2022
15,Dutch,PER,10.0,2022
15,Dutch,ALO,8.0,2022
15,Dutch,NOR,6.0,2022
15,Dutch,SAI,4.0,2022
15,Dutch,OCO,2.0,2022
15,Dutch,STR,1.0,2022
15,Dutch,GAS,0.0,2022
15,Dutch,ALB,0.0,2022
15,Dutch,MSC,0.0,2022
15,Dutch,VET,0.0,2022
15,Dutch,MAG,0.0,2022
15,Dutch,ZHO,0.0,2022
15,Dutch,RIC,0.0,2022
15,Dutch,LAT,0.0,2022
15,Dutch,BOT,0.0,2022
15,Dutch,TSU,0.0,2022
16,Italian,VER,25.0,2022
16,Italian,LEC,18.0,2022
16,Italian,RUS,15.0,2022
16,Italian,SAI,12.0,2022
16,Italian,HAM,10.0,2022
16,Italian,PER,9.0,2022
16,Italian,NOR,6.0,2022
16,Italian,GAS,4.0,2022
16,Italian,DEV,2.0,2022
16,Italian,ZHO,1.0,2022
16,Italian,OCO,0.0,2022
16,Italian,MSC,0.0,2022
16,Italian,BOT,0.0,2022
16,Italian,TSU,0.0,2022
16,Italian,LAT,0.0,2022
16,Italian,MAG,0.0,2022
16,Italian,RIC,0.0,2022
16,Italian,STR,0.0,2022
16,Italian,ALO,0.0,2022
16,Italian,VET,0.0,2022
17,Singapore,PER,25.0,2022
17,Singapore,LEC,18.0,2022
17,Singapore,SAI,15.0,2022
17,Singapore,NOR,12.0,2022
17,Singapore,RIC,10.0,2022
17,Singapore,STR,8.0,2022
17,Singapore,VER,6.0,2022
17,Singapore,VET,4.0,2022
17,Singapore,HAM,2.0,2022
17,Singapore,GAS,1.0,2022
17,Singapore,BOT,0.0,2022
17,Singapore,MAG,0.0,2022
17,Singapore,MSC,0.0,2022
17,Singapore,RUS,0.0,2022
17,Singapore,TSU,0.0,2022
17,Singapore,OCO,0.0,2022
17,Singapore,ALB,0.0,2022
17,Singapore,ALO,0.0,2022
17,Singapore,LAT,0.0,2022
17,Singapore,ZHO,0.0,2022
18,Japanese,VER,25.0,2022
18,Japanese,PER,18.0,2022
18,Japanese,LEC,15.0,2022
18,Japanese,OCO,12.0,2022
18,Japanese,HAM,10.0,2022
18,Japanese,VET,8.0,2022
18,Japanese,ALO,6.0,2022
18,Japanese,RUS,4.0,2022
18,Japanese,LAT,2.0,2022
18,Japanese,NOR,1.0,2022
18,Japanese,RIC,0.0,2022
18,Japanese,STR,0.0,2022
18,Japanese,TSU,0.0,2022
18,Japanese,MAG,0.0,2022
18,Japanese,BOT,0.0,2022
18,Japanese,ZHO,0.0,2022
18,Japanese,MSC,0.0,2022
18,Japanese,GAS,0.0,2022
18,Japanese,SAI,0.0,2022
18,Japanese,ALB,0.0,2022
19,United States,VER,25.0,2022
19,United States,HAM,18.0,2022
19,United States,LEC,15.0,2022
19,United States,PER,12.0,2022
19,United States,RUS,11.0,2022
19,United States,NOR,8.0,2022
19,United States,ALO,6.0,2022
19,United States,VET,4.0,2022
19,United States,MAG,2.0,2022
19,United States,TSU,1.0,2022
19,United States,OCO,0.0,2022
19,United States,ZHO,0.0,2022
19,United States,ALB,0.0,2022
19,United States,GAS,0.0,2022
19,United States,MSC,0.0,2022
19,United States,RIC,0.0,2022
19,United States,LAT,0.0,2022
19,United States,STR,0.0,2022
19,United States,BOT,0.0,2022
19,United States,SAI,0.0,2022
20,Mexico City,VER,25.0,2022
20,Mexico City,HAM,18.0,2022
20,Mexico City,PER,15.0,2022
20,Mexico City,RUS,13.0,2022
20,Mexico City,SAI,10.0,2022
20,Mexico City,LEC,8.0,2022
20,Mexico City,RIC,6.0,2022
20,Mexico City,OCO,4.0,2022
20,Mexico City,NOR,2.0,2022
20,Mexico City,BOT,1.0,2022
20,Mexico City,GAS,0.0,2022
20,Mexico City,ALB,0.0,2022
20,Mexico City,ZHO,0.0,2022
20,Mexico City,VET,0.0,2022
20,Mexico City,STR,0.0,2022
20,Mexico City,MSC,0.0,2022
20,Mexico City,MAG,0.0,2022
20,Mexico City,LAT,0.0,2022
20,Mexico City,ALO,0.0,2022
20,Mexico City,TSU,0.0,2022
21,São Paulo,RUS,34.0,2022
21,São Paulo,HAM,24.0,2022
21,São Paulo,SAI,22.0,2022
21,São Paulo,LEC,15.0,2022
21,São Paulo,ALO,10.0,2022
21,São Paulo,VER,13.0,2022
21,São Paulo,PER,10.0,2022
21,São Paulo,OCO,4.0,2022
21,São Paulo,BOT,2.0,2022
21,São Paulo,STR,1.0,2022
21,São Paulo,VET,0.0,2022
21,São Paulo,ZHO,0.0,2022
21,São Paulo,MSC,0.0,2022
21,São Paulo,GAS,0.0,2022
21,São Paulo,ALB,0.0,2022
21,São Paulo,LAT,0.0,2022
21,São Paulo,TSU,0.0,2022
21,São Paulo,NOR,2.0,2022
21,São Paulo,MAG,1.0,2022
21,São Paulo,RIC,0.0,2022
22,Abu Dhabi,VER,25.0,2022
22,Abu Dhabi,LEC,18.0,2022
22,Abu Dhabi,PER,15.0,2022
22,Abu Dhabi,SAI,12.0,2022
22,Abu Dhabi,RUS,10.0,2022
22,Abu Dhabi,NOR,9.0,2022
22,Abu Dhabi,OCO,6.0,2022
22,Abu Dhabi,STR,4.0,2022
22,Abu Dhabi,RIC,2.0,2022
22,Abu Dhabi,VET,1.0,2022
22,Abu Dhabi,TSU,0.0,2022
22,Abu Dhabi,ZHO,0.0,2022
22,Abu Dhabi,ALB,0.0,2022
22,Abu Dhabi,GAS,0.0,2022
22,Abu Dhabi,BOT,0.0,2022
22,Abu Dhabi,MSC,0.0,2022
22,Abu Dhabi,MAG,0.0,2022
22,Abu Dhabi,HAM,0.0,2022
22,Abu Dhabi,LAT,0.0,2022
22,Abu Dhabi,ALO,0.0,2022
